{
"lengthUnit": "mil",
"components": {
	"fields": ["COMPONENT_NO", "COMPONENT_NAME", "LAYER", "X_COORDINATE", "Y_COORDINATE", "ANGLE"],
	"rows": [
		[1, "C9", "B", 1377.95, -3105.31, 270],
		[2, "C25", "B", 3740.15, -3105.31, 270],
		[3, "C33", "B", 1166.34, -3129.91, 270],
		[4, "C34", "B", 3523.61, -3124.99, 270],
		[5, "H1", "B", 2559.05, -3818.89, 0],
		[6, "N1", "T", 787.4, -2952.77, 0],
		[7, "N2", "T", 1732.29, -2952.77, 0],
		[8, "N3", "T", 3149.61, -2952.77, 0],
		[9, "N4", "T", 4094.49, -2952.77, 0],
		[10, "N5", "T", 2440.95, -2893.72, 0],
		[11, "N6", "T", 4803.15, -2893.72, 0],
		[12, "R7", "B", 2332.67, -3065.94, 270],
		[13, "R8", "B", 4694.87, -3065.94, 270],
		[14, "U9", "B", 1269.69, -3553.17, 270],
		[15, "U10", "B", 3631.89, -3553.17, 270],
		[16, "PAD1", "T", 118.11, -3897.66, 0],
		[17, "PAD1", "B", 118.11, -3897.66, 0],
		[18, "PAD2", "T", 118.11, -2480.34, 0],
		[19, "PAD2", "B", 118.11, -2480.34, 0],
		[20, "PAD3", "T", 2559.06, -2480.34, 0],
		[21, "PAD3", "B", 2559.06, -2480.34, 0],
		[22, "PAD4", "T", 5000, -3897.66, 0],
		[23, "PAD4", "B", 5000, -3897.66, 0],
		[24, "PAD5", "T", 5000, -2480.34, 0],
		[25, "PAD5", "B", 5000, -2480.34, 0]
	]
},
"pins": {
	"fields": ["PIN_NO", "PIN_NAME", "PIN_X", "PIN_Y", "LAYER", "PIN_TYPE", "NET_NAME", "NET_TYPE", "PAD_SHAPE", "PAD_SIZEX", "PAD_SIZEY", "HOLE_SIZE", "PAD_ANGLE"],
	"rows": [
		[1, "C9_1", 1377.95, -3065.94, "B", "SMD", "GND", "GND", "R", 55.51, 53.15, 0, 90],
		[2, "C9_2", 1377.95, -3144.68, "B", "SMD", "VPP", "", "R", 55.51, 53.15, 0, 90],
		[3, "C25_1", 3740.15, -3065.94, "B", "SMD", "GND", "GND", "R", 55.51, 53.15, 0, 90],
		[4, "C25_2", 3740.15, -3144.68, "B", "SMD", "VPP", "", "R", 55.51, 53.15, 0, 90],
		[5, "C33_1", 1166.34, -3108.46, "B", "SMD", "GND", "GND", "R", 31.11, 21.26, 0, 90],
		[6, "C33_2", 1166.34, -3151.37, "B", "SMD", "5V0", "", "R", 31.11, 21.26, 0, 90],
		[7, "C34_1", 3523.62, -3103.54, "B", "SMD", "GND", "GND", "R", 31.11, 21.26, 0, 90],
		[8, "C34_2", 3523.62, -3146.45, "B", "SMD", "5V0", "", "R", 31.11, 21.26, 0, 90],
		[9, "H1_1", 2409.05, -3708.66, "B", "SMD", "VPP", "", "R", 50, 110.24, 0, 180],
		[10, "H1_2", 2409.05, -3929.13, "B", "SMD", "1V5", "", "R", 50, 110.24, 0, 180],
		[11, "H1_3", 2509.05, -3708.66, "B", "SMD", "5V0", "", "R", 50, 110.24, 0, 180],
		[12, "H1_4", 2509.05, -3929.13, "B", "SMD", "GND", "GND", "R", 50, 110.24, 0, 180],
		[13, "H1_5", 2609.05, -3708.66, "B", "SMD", "LATCH", "", "R", 50, 110.24, 0, 180],
		[14, "H1_6", 2609.05, -3929.13, "B", "SMD", "BLANK", "", "R", 50, 110.24, 0, 180],
		[15, "H1_7", 2709.05, -3708.66, "B", "SMD", "SCLK", "", "R", 50, 110.24, 0, 180],
		[16, "H1_8", 2709.05, -3928.89, "B", "SMD", "SDIN", "", "R", 50, 110.24, 0, 180],
		[17, "N1_1", 996.1, -2846.47, "T", "DIP", "N1_E", "", "C", 106.3, 106.3, 78.74, 0],
		[18, "N1_1", 996.1, -2846.47, "B", "DIP", "N1_E", "", "C", 106.3, 106.3, 78.74, 0],
		[19, "N1_2", 904.7, -2749.97, "T", "DIP", "1V5", "", "C", 106.3, 106.3, 78.74, 148],
		[20, "N1_2", 904.7, -2749.97, "B", "DIP", "1V5", "", "C", 106.3, 106.3, 78.74, 148],
		[21, "N1_3", 771.3, -2719.28, "T", "DIP", "GND", "GND", "C", 106.3, 106.3, 78.74, 169],
		[22, "N1_3", 771.3, -2719.28, "B", "DIP", "GND", "GND", "C", 106.3, 106.3, 78.74, 169],
		[23, "N1_4", 643.3, -2768.17, "T", "DIP", "VPP", "", "C", 106.3, 106.3, 78.74, 190],
		[24, "N1_4", 643.3, -2768.17, "B", "DIP", "VPP", "", "C", 106.3, 106.3, 78.74, 190],
		[25, "N1_5", 565, -2880.37, "T", "DIP", "N1_D", "", "C", 106.3, 106.3, 78.74, 211],
		[26, "N1_5", 565, -2880.37, "B", "DIP", "N1_D", "", "C", 106.3, 106.3, 78.74, 211],
		[27, "N1_6", 565, -3025.17, "T", "DIP", "N1_C", "", "C", 106.3, 106.3, 78.74, 232],
		[28, "N1_6", 565, -3025.17, "B", "DIP", "N1_C", "", "C", 106.3, 106.3, 78.74, 232],
		[29, "N1_7", 643.3, -3137.37, "T", "DIP", "N1_B", "", "C", 106.3, 106.3, 78.74, 275],
		[30, "N1_7", 643.3, -3137.37, "B", "DIP", "N1_B", "", "C", 106.3, 106.3, 78.74, 275],
		[31, "N1_8", 771.3, -3186.27, "T", "DIP", "N1_A", "", "C", 106.3, 106.3, 78.74, 34],
		[32, "N1_8", 771.3, -3186.27, "B", "DIP", "N1_A", "", "C", 106.3, 106.3, 78.74, 34],
		[33, "N1_9", 904.7, -3155.57, "T", "DIP", "N1_G", "", "C", 106.3, 106.3, 78.74, 63],
		[34, "N1_9", 904.7, -3155.57, "B", "DIP", "N1_G", "", "C", 106.3, 106.3, 78.74, 63],
		[35, "N1_10", 996.1, -3059.08, "T", "DIP", "N1_F", "", "C", 106.3, 106.3, 78.74, 84],
		[36, "N1_10", 996.1, -3059.08, "B", "DIP", "N1_F", "", "C", 106.3, 106.3, 78.74, 84],
		[37, "N2_1", 1940.99, -2846.47, "T", "DIP", "N2_E", "", "C", 106.3, 106.3, 78.74, 0],
		[38, "N2_1", 1940.99, -2846.47, "B", "DIP", "N2_E", "", "C", 106.3, 106.3, 78.74, 0],
		[39, "N2_2", 1849.59, -2749.97, "T", "DIP", "1V5", "", "C", 106.3, 106.3, 78.74, 148],
		[40, "N2_2", 1849.59, -2749.97, "B", "DIP", "1V5", "", "C", 106.3, 106.3, 78.74, 148],
		[41, "N2_3", 1716.19, -2719.28, "T", "DIP", "GND", "GND", "C", 106.3, 106.3, 78.74, 169],
		[42, "N2_3", 1716.19, -2719.28, "B", "DIP", "GND", "GND", "C", 106.3, 106.3, 78.74, 169],
		[43, "N2_4", 1588.19, -2768.17, "T", "DIP", "VPP", "", "C", 106.3, 106.3, 78.74, 190],
		[44, "N2_4", 1588.19, -2768.17, "B", "DIP", "VPP", "", "C", 106.3, 106.3, 78.74, 190],
		[45, "N2_5", 1509.89, -2880.37, "T", "DIP", "N2_D", "", "C", 106.3, 106.3, 78.74, 211],
		[46, "N2_5", 1509.89, -2880.37, "B", "DIP", "N2_D", "", "C", 106.3, 106.3, 78.74, 211],
		[47, "N2_6", 1509.89, -3025.17, "T", "DIP", "N2_C", "", "C", 106.3, 106.3, 78.74, 232],
		[48, "N2_6", 1509.89, -3025.17, "B", "DIP", "N2_C", "", "C", 106.3, 106.3, 78.74, 232],
		[49, "N2_7", 1588.19, -3137.37, "T", "DIP", "N2_B", "", "C", 106.3, 106.3, 78.74, 275],
		[50, "N2_7", 1588.19, -3137.37, "B", "DIP", "N2_B", "", "C", 106.3, 106.3, 78.74, 275],
		[51, "N2_8", 1716.19, -3186.27, "T", "DIP", "N2_A", "", "C", 106.3, 106.3, 78.74, 34],
		[52, "N2_8", 1716.19, -3186.27, "B", "DIP", "N2_A", "", "C", 106.3, 106.3, 78.74, 34],
		[53, "N2_9", 1849.59, -3155.57, "T", "DIP", "N2_G", "", "C", 106.3, 106.3, 78.74, 63],
		[54, "N2_9", 1849.59, -3155.57, "B", "DIP", "N2_G", "", "C", 106.3, 106.3, 78.74, 63],
		[55, "N2_10", 1940.99, -3059.08, "T", "DIP", "N2_F", "", "C", 106.3, 106.3, 78.74, 84],
		[56, "N2_10", 1940.99, -3059.08, "B", "DIP", "N2_F", "", "C", 106.3, 106.3, 78.74, 84],
		[57, "N3_1", 3358.31, -2846.47, "T", "DIP", "N3_E", "", "C", 106.3, 106.3, 78.74, 0],
		[58, "N3_1", 3358.31, -2846.47, "B", "DIP", "N3_E", "", "C", 106.3, 106.3, 78.74, 0],
		[59, "N3_2", 3266.91, -2749.97, "T", "DIP", "1V5", "", "C", 106.3, 106.3, 78.74, 148],
		[60, "N3_2", 3266.91, -2749.97, "B", "DIP", "1V5", "", "C", 106.3, 106.3, 78.74, 148],
		[61, "N3_3", 3133.51, -2719.28, "T", "DIP", "GND", "GND", "C", 106.3, 106.3, 78.74, 169],
		[62, "N3_3", 3133.51, -2719.28, "B", "DIP", "GND", "GND", "C", 106.3, 106.3, 78.74, 169],
		[63, "N3_4", 3005.51, -2768.17, "T", "DIP", "VPP", "", "C", 106.3, 106.3, 78.74, 190],
		[64, "N3_4", 3005.51, -2768.17, "B", "DIP", "VPP", "", "C", 106.3, 106.3, 78.74, 190],
		[65, "N3_5", 2927.21, -2880.37, "T", "DIP", "N3_D", "", "C", 106.3, 106.3, 78.74, 211],
		[66, "N3_5", 2927.21, -2880.37, "B", "DIP", "N3_D", "", "C", 106.3, 106.3, 78.74, 211],
		[67, "N3_6", 2927.21, -3025.17, "T", "DIP", "N3_C", "", "C", 106.3, 106.3, 78.74, 232],
		[68, "N3_6", 2927.21, -3025.17, "B", "DIP", "N3_C", "", "C", 106.3, 106.3, 78.74, 232],
		[69, "N3_7", 3005.51, -3137.37, "T", "DIP", "N3_B", "", "C", 106.3, 106.3, 78.74, 275],
		[70, "N3_7", 3005.51, -3137.37, "B", "DIP", "N3_B", "", "C", 106.3, 106.3, 78.74, 275],
		[71, "N3_8", 3133.51, -3186.27, "T", "DIP", "N3_A", "", "C", 106.3, 106.3, 78.74, 34],
		[72, "N3_8", 3133.51, -3186.27, "B", "DIP", "N3_A", "", "C", 106.3, 106.3, 78.74, 34],
		[73, "N3_9", 3266.91, -3155.57, "T", "DIP", "N3_G", "", "C", 106.3, 106.3, 78.74, 63],
		[74, "N3_9", 3266.91, -3155.57, "B", "DIP", "N3_G", "", "C", 106.3, 106.3, 78.74, 63],
		[75, "N3_10", 3358.31, -3059.08, "T", "DIP", "N3_F", "", "C", 106.3, 106.3, 78.74, 84],
		[76, "N3_10", 3358.31, -3059.08, "B", "DIP", "N3_F", "", "C", 106.3, 106.3, 78.74, 84],
		[77, "N4_1", 4303.19, -2846.47, "T", "DIP", "N4_E", "", "C", 106.3, 106.3, 78.74, 0],
		[78, "N4_1", 4303.19, -2846.47, "B", "DIP", "N4_E", "", "C", 106.3, 106.3, 78.74, 0],
		[79, "N4_2", 4211.79, -2749.97, "T", "DIP", "1V5", "", "C", 106.3, 106.3, 78.74, 148],
		[80, "N4_2", 4211.79, -2749.97, "B", "DIP", "1V5", "", "C", 106.3, 106.3, 78.74, 148],
		[81, "N4_3", 4078.39, -2719.28, "T", "DIP", "GND", "GND", "C", 106.3, 106.3, 78.74, 169],
		[82, "N4_3", 4078.39, -2719.28, "B", "DIP", "GND", "GND", "C", 106.3, 106.3, 78.74, 169],
		[83, "N4_4", 3950.39, -2768.17, "T", "DIP", "VPP", "", "C", 106.3, 106.3, 78.74, 190],
		[84, "N4_4", 3950.39, -2768.17, "B", "DIP", "VPP", "", "C", 106.3, 106.3, 78.74, 190],
		[85, "N4_5", 3872.09, -2880.37, "T", "DIP", "N4_D", "", "C", 106.3, 106.3, 78.74, 211],
		[86, "N4_5", 3872.09, -2880.37, "B", "DIP", "N4_D", "", "C", 106.3, 106.3, 78.74, 211],
		[87, "N4_6", 3872.09, -3025.17, "T", "DIP", "N4_C", "", "C", 106.3, 106.3, 78.74, 232],
		[88, "N4_6", 3872.09, -3025.17, "B", "DIP", "N4_C", "", "C", 106.3, 106.3, 78.74, 232],
		[89, "N4_7", 3950.39, -3137.37, "T", "DIP", "N4_B", "", "C", 106.3, 106.3, 78.74, 275],
		[90, "N4_7", 3950.39, -3137.37, "B", "DIP", "N4_B", "", "C", 106.3, 106.3, 78.74, 275],
		[91, "N4_8", 4078.39, -3186.27, "T", "DIP", "N4_A", "", "C", 106.3, 106.3, 78.74, 34],
		[92, "N4_8", 4078.39, -3186.27, "B", "DIP", "N4_A", "", "C", 106.3, 106.3, 78.74, 34],
		[93, "N4_9", 4211.79, -3155.57, "T", "DIP", "N4_G", "", "C", 106.3, 106.3, 78.74, 63],
		[94, "N4_9", 4211.79, -3155.57, "B", "DIP", "N4_G", "", "C", 106.3, 106.3, 78.74, 63],
		[95, "N4_10", 4303.19, -3059.08, "T", "DIP", "N4_F", "", "C", 106.3, 106.3, 78.74, 84],
		[96, "N4_10", 4303.19, -3059.08, "B", "DIP", "N4_F", "", "C", 106.3, 106.3, 78.74, 84],
		[97, "N5_1", 2547.24, -2842.55, "T", "DIP", "GND", "GND", "C", 39.37, 39.37, 19.69, 180],
		[98, "N5_1", 2547.24, -2842.55, "B", "DIP", "GND", "GND", "C", 39.37, 39.37, 19.69, 180],
		[99, "N5_7", 2322.83, -2893.72, "T", "DIP", "VPP", "", "C", 39.37, 39.37, 19.69, 180],
		[100, "N5_7", 2322.83, -2893.72, "B", "DIP", "VPP", "", "C", 39.37, 39.37, 19.69, 180],
		[101, "N5_8", 2334.64, -2944.9, "T", "DIP", "N5_8", "", "C", 39.37, 39.37, 19.69, 180],
		[102, "N5_8", 2334.64, -2944.9, "B", "DIP", "N5_8", "", "C", 39.37, 39.37, 19.69, 180],
		[103, "N5_10", 2414.56, -3008.68, "T", "DIP", "N5_LINE", "", "C", 39.37, 39.37, 19.69, 180],
		[104, "N5_10", 2414.56, -3008.68, "B", "DIP", "N5_LINE", "", "C", 39.37, 39.37, 19.69, 180],
		[105, "N5_13", 2547.24, -2944.9, "T", "DIP", "N5_DOT", "", "C", 39.37, 39.37, 19.69, 180],
		[106, "N5_13", 2547.24, -2944.9, "B", "DIP", "N5_DOT", "", "C", 39.37, 39.37, 19.69, 180],
		[107, "N6_1", 4909.45, -2842.55, "T", "DIP", "GND", "GND", "C", 39.37, 39.37, 19.69, 180],
		[108, "N6_1", 4909.45, -2842.55, "B", "DIP", "GND", "GND", "C", 39.37, 39.37, 19.69, 180],
		[109, "N6_7", 4685.04, -2893.72, "T", "DIP", "VPP", "", "C", 39.37, 39.37, 19.69, 180],
		[110, "N6_7", 4685.04, -2893.72, "B", "DIP", "VPP", "", "C", 39.37, 39.37, 19.69, 180],
		[111, "N6_8", 4696.85, -2944.9, "T", "DIP", "N6_8", "", "C", 39.37, 39.37, 19.69, 180],
		[112, "N6_8", 4696.85, -2944.9, "B", "DIP", "N6_8", "", "C", 39.37, 39.37, 19.69, 180],
		[113, "N6_10", 4776.77, -3008.68, "T", "DIP", "N6_LINE", "", "C", 39.37, 39.37, 19.69, 180],
		[114, "N6_10", 4776.77, -3008.68, "B", "DIP", "N6_LINE", "", "C", 39.37, 39.37, 19.69, 180],
		[115, "N6_13", 4909.45, -2944.9, "T", "DIP", "N6_DOT", "", "C", 39.37, 39.37, 19.69, 180],
		[116, "N6_13", 4909.45, -2944.9, "B", "DIP", "N6_DOT", "", "C", 39.37, 39.37, 19.69, 180],
		[117, "R7_1", 2332.67, -3026.57, "B", "SMD", "N5_8", "", "R", 44.59, 54.21, 0, 90],
		[118, "R7_2", 2332.67, -3105.31, "B", "SMD", "1V5", "", "R", 44.59, 54.21, 0, 90],
		[119, "R8_1", 4694.87, -3026.57, "B", "SMD", "N6_8", "", "R", 44.59, 54.21, 0, 90],
		[120, "R8_2", 4694.87, -3105.31, "B", "SMD", "1V5", "", "R", 44.59, 54.21, 0, 90],
		[121, "U9_1", 1468.81, -3228.16, "B", "SMD", "VPP", "", "O", 23.62, 90.55, 0, 270],
		[122, "U9_2", 1468.81, -3278.16, "B", "SMD", "SDOUT", "", "O", 23.62, 90.55, 0, 270],
		[123, "U9_3", 1468.81, -3328.16, "B", "SMD", "N2_D", "", "O", 23.62, 90.55, 0, 270],
		[124, "U9_4", 1468.81, -3378.16, "B", "SMD", "N2_C", "", "O", 23.62, 90.55, 0, 270],
		[125, "U9_5", 1468.81, -3428.16, "B", "SMD", "N2_B", "", "O", 23.62, 90.55, 0, 270],
		[126, "U9_6", 1468.81, -3478.16, "B", "SMD", "N2_A", "", "O", 23.62, 90.55, 0, 270],
		[127, "U9_7", 1468.81, -3528.16, "B", "SMD", "N2_G", "", "O", 23.62, 90.55, 0, 270],
		[128, "U9_8", 1468.81, -3578.16, "B", "SMD", "N2_F", "", "O", 23.62, 90.55, 0, 270],
		[129, "U9_9", 1468.81, -3628.16, "B", "SMD", "N2_E", "", "O", 23.62, 90.55, 0, 270],
		[130, "U9_10", 1468.81, -3678.16, "B", "SMD", "N5_LINE", "", "O", 23.62, 90.55, 0, 270],
		[131, "U9_11", 1468.81, -3728.16, "B", "SMD", "N5_DOT", "", "O", 23.62, 90.55, 0, 270],
		[132, "U9_12", 1468.81, -3778.16, "B", "SMD", "U9_12", "", "O", 23.62, 90.55, 0, 270],
		[133, "U9_13", 1468.81, -3828.16, "B", "SMD", "BLANK", "", "O", 23.62, 90.55, 0, 270],
		[134, "U9_14", 1468.81, -3878.16, "B", "SMD", "GND", "GND", "O", 23.62, 90.55, 0, 270],
		[135, "U9_15", 1070.58, -3878.16, "B", "SMD", "SCLK", "", "O", 23.62, 90.55, 0, 270],
		[136, "U9_16", 1070.58, -3828.16, "B", "SMD", "LATCH", "", "O", 23.62, 90.55, 0, 270],
		[137, "U9_17", 1070.58, -3778.16, "B", "SMD", "U9_17", "", "O", 23.62, 90.55, 0, 270],
		[138, "U9_18", 1070.58, -3728.16, "B", "SMD", "U9_18", "", "O", 23.62, 90.55, 0, 270],
		[139, "U9_19", 1070.58, -3678.16, "B", "SMD", "U9_19", "", "O", 23.62, 90.55, 0, 270],
		[140, "U9_20", 1070.58, -3628.16, "B", "SMD", "N1_D", "", "O", 23.62, 90.55, 0, 270],
		[141, "U9_21", 1070.58, -3578.16, "B", "SMD", "N1_C", "", "O", 23.62, 90.55, 0, 270],
		[142, "U9_22", 1070.58, -3528.16, "B", "SMD", "N1_B", "", "O", 23.62, 90.55, 0, 270],
		[143, "U9_23", 1070.58, -3478.16, "B", "SMD", "N1_A", "", "O", 23.62, 90.55, 0, 270],
		[144, "U9_24", 1070.58, -3428.16, "B", "SMD", "N1_G", "", "O", 23.62, 90.55, 0, 270],
		[145, "U9_25", 1070.58, -3378.16, "B", "SMD", "N1_F", "", "O", 23.62, 90.55, 0, 270],
		[146, "U9_26", 1070.58, -3328.16, "B", "SMD", "N1_E", "", "O", 23.62, 90.55, 0, 270],
		[147, "U9_27", 1070.58, -3278.16, "B", "SMD", "SDIN", "", "O", 23.62, 90.55, 0, 270],
		[148, "U9_28", 1070.58, -3228.16, "B", "SMD", "5V0", "", "O", 23.62, 90.55, 0, 270],
		[149, "U10_1", 3831.01, -3228.16, "B", "SMD", "VPP", "", "O", 23.62, 90.55, 0, 270],
		[150, "U10_2", 3831.01, -3278.16, "B", "SMD", "U10_2", "", "O", 23.62, 90.55, 0, 270],
		[151, "U10_3", 3831.01, -3328.16, "B", "SMD", "N4_D", "", "O", 23.62, 90.55, 0, 270],
		[152, "U10_4", 3831.01, -3378.16, "B", "SMD", "N4_C", "", "O", 23.62, 90.55, 0, 270],
		[153, "U10_5", 3831.01, -3428.16, "B", "SMD", "N4_B", "", "O", 23.62, 90.55, 0, 270],
		[154, "U10_6", 3831.01, -3478.16, "B", "SMD", "N4_A", "", "O", 23.62, 90.55, 0, 270],
		[155, "U10_7", 3831.01, -3528.16, "B", "SMD", "N4_G", "", "O", 23.62, 90.55, 0, 270],
		[156, "U10_8", 3831.01, -3578.16, "B", "SMD", "N4_F", "", "O", 23.62, 90.55, 0, 270],
		[157, "U10_9", 3831.01, -3628.16, "B", "SMD", "N4_E", "", "O", 23.62, 90.55, 0, 270],
		[158, "U10_10", 3831.01, -3678.16, "B", "SMD", "N6_LINE", "", "O", 23.62, 90.55, 0, 270],
		[159, "U10_11", 3831.01, -3728.16, "B", "SMD", "N6_DOT", "", "O", 23.62, 90.55, 0, 270],
		[160, "U10_12", 3831.01, -3778.16, "B", "SMD", "U10_12", "", "O", 23.62, 90.55, 0, 270],
		[161, "U10_13", 3831.01, -3828.16, "B", "SMD", "BLANK", "", "O", 23.62, 90.55, 0, 270],
		[162, "U10_14", 3831.01, -3878.16, "B", "SMD", "GND", "GND", "O", 23.62, 90.55, 0, 270],
		[163, "U10_15", 3432.78, -3878.16, "B", "SMD", "SCLK", "", "O", 23.62, 90.55, 0, 270],
		[164, "U10_16", 3432.78, -3828.16, "B", "SMD", "LATCH", "", "O", 23.62, 90.55, 0, 270],
		[165, "U10_17", 3432.78, -3778.16, "B", "SMD", "U10_17", "", "O", 23.62, 90.55, 0, 270],
		[166, "U10_18", 3432.78, -3728.16, "B", "SMD", "U10_18", "", "O", 23.62, 90.55, 0, 270],
		[167, "U10_19", 3432.78, -3678.16, "B", "SMD", "U10_19", "", "O", 23.62, 90.55, 0, 270],
		[168, "U10_20", 3432.78, -3628.16, "B", "SMD", "N3_D", "", "O", 23.62, 90.55, 0, 270],
		[169, "U10_21", 3432.78, -3578.16, "B", "SMD", "N3_C", "", "O", 23.62, 90.55, 0, 270],
		[170, "U10_22", 3432.78, -3528.16, "B", "SMD", "N3_B", "", "O", 23.62, 90.55, 0, 270],
		[171, "U10_23", 3432.78, -3478.16, "B", "SMD", "N3_A", "", "O", 23.62, 90.55, 0, 270],
		[172, "U10_24", 3432.78, -3428.16, "B", "SMD", "N3_G", "", "O", 23.62, 90.55, 0, 270],
		[173, "U10_25", 3432.78, -3378.16, "B", "SMD", "N3_F", "", "O", 23.62, 90.55, 0, 270],
		[174, "U10_26", 3432.78, -3328.16, "B", "SMD", "N3_E", "", "O", 23.62, 90.55, 0, 270],
		[175, "U10_27", 3432.78, -3278.16, "B", "SMD", "SDOUT", "", "O", 23.62, 90.55, 0, 270],
		[176, "U10_28", 3432.78, -3228.16, "B", "SMD", "5V0", "", "O", 23.62, 90.55, 0, 270],
		[177, "PAD1_1", 118.11, -3897.66, "T", "DIP", "GND", "GND", "C", 228.35, 228.35, 125.98, 0],
		[178, "PAD1_1", 118.11, -3897.66, "B", "DIP", "GND", "GND", "C", 228.35, 228.35, 125.98, 0],
		[179, "PAD2_1", 118.11, -2480.34, "T", "DIP", "GND", "GND", "C", 228.35, 228.35, 125.98, 0],
		[180, "PAD2_1", 118.11, -2480.34, "B", "DIP", "GND", "GND", "C", 228.35, 228.35, 125.98, 0],
		[181, "PAD3_1", 2559.06, -2480.34, "T", "DIP", "GND", "GND", "C", 228.35, 228.35, 125.98, 0],
		[182, "PAD3_1", 2559.06, -2480.34, "B", "DIP", "GND", "GND", "C", 228.35, 228.35, 125.98, 0],
		[183, "PAD4_1", 5000, -3897.66, "T", "DIP", "GND", "GND", "C", 228.35, 228.35, 125.98, 0],
		[184, "PAD4_1", 5000, -3897.66, "B", "DIP", "GND", "GND", "C", 228.35, 228.35, 125.98, 0],
		[185, "PAD5_1", 5000, -2480.34, "T", "DIP", "GND", "GND", "C", 228.35, 228.35, 125.98, 0],
		[186, "PAD5_1", 5000, -2480.34, "B", "DIP", "GND", "GND", "C", 228.35, 228.35, 125.98, 0]
	]
}
}